date,intraday_sentiment_index,intraday_item_count,intraday_no_posts,overnight_sentiment_index,overnight_item_count,overnight_no_posts,open,high,low,close,volume,vix_open,vix_high,vix_low,vix_close,vix_volume,kospi_ret,kosdaq_ret,vkospi_change,log_ret,realized_vol,parkinson_vol,realized_vol_lag1,realized_vol_lag2,realized_vol_lag3,log_ret_lag1,vkospi_change_lag1,sentiment_intraday,sentiment_overnight,target_vol_5d,target_vol_pk
2026-03-05,-0.0518622359156,57,0,0.0356438325482,49,0,976000.0,992000.0,927000.0,941000.0,6442459.0,22.1100006104,25.8400001526,20.5499992371,23.75,0.0,0.09191438682694518,0.13191399237332288,-0.08650249702342977,0.10288395327403241,0.10188294678034404,0.040699757595950146,0.08161956056061755,0.07937880494024072,0.044245285326495326,-0.10075629289691562,0.24382375655174868,-0.0518622359156,-0.00248359838717,0.08833464042595467,0.03493002333950108
2026-03-06,0.0103133085684,57,0,-0.00248359838717,65,0,912000.0,938000.0,885000.0,924000.0,3744322.0,23.2000007629,29.9300003052,22.9200000763,29.4899997711,0.0,0.00017369862615822717,0.03369640886107437,-0.1614580991590449,-0.01823106794369544,0.08833464042595467,0.03493002333950108,0.10188294678034404,0.08161956056061755,0.07937880494024072,0.10288395327403241,-0.08650249702342977,0.0103133085684,-0.054258873315,0.09306716158236736,0.0402440328747801
2026-03-09,-0.0706685998055,40,0,-0.054258873315,139,0,851000.0,864000.0,808000.0,836000.0,7253621.0,35.1199989319,35.2999992371,24.7600002289,25.5,0.0,-0.061476951957463666,-0.04643382692238556,0.13548261275578427,-0.10008345855698253,0.09306716158236736,0.0402440328747801,0.08833464042595467,0.10188294678034404,0.08161956056061755,-0.01823106794369544,-0.1614580991590449,-0.0706685998055,0.132605198308,0.10528378772174643,0.03313833674300226
2026-03-10,0.0446164000076,53,0,0.132605198308,53,0,915000.0,950000.0,899000.0,938000.0,5304897.0,24.3899993896,26.0100002289,22.1900005341,24.9300003052,0.0,0.05207185666196566,0.03161033914074941,-0.07530827237284868,0.11512133592152297,0.10528378772174643,0.03313833674300226,0.09306716158236736,0.08833464042595467,0.10188294678034404,-0.10008345855698253,0.13548261275578427,0.0446164000076,0.198210810727,0.08908044966251782,0.02744474715187984
2026-03-11,-0.0241590828431,50,0,0.198210810727,56,0,954000.0,985000.0,941000.0,955000.0,3916098.0,24.8999996185,26.2299995422,23.75,24.2299995422,0.0,0.013885746517995191,-0.0007474137634651992,-0.05270865563972422,0.01796139147450564,0.08908044966251782,0.02744474715187984,0.10528378772174643,0.09306716158236736,0.08833464042595467,0.11512133592152297,-0.07530827237284868,-0.0241590828431,-0.0321425073556,0.0784229240446094,0.022233784136060995
2026-03-12,-0.00538631110288,37,0,-0.0321425073556,38,0,938000.0,963000.0,928000.0,930000.0,3711742.0,25.4799995422,27.3299999237,24.6000003815,27.2900009155,0.0,-0.004770762720468504,0.010125981945933123,0.03361137928486695,-0.026526754333428597,0.0784229240446094,0.022233784136060995,0.08908044966251782,0.10528378772174643,0.09306716158236736,0.01796139147450564,-0.05270865563972422,-0.00538631110288,0.0482525146028,0.07861601112074454,0.029818870444518135
2026-03-13,-0.113810388798,32,0,0.0482525146028,43,0,891000.0,929000.0,884000.0,910000.0,3645102.0,27.8500003815,28.4699993134,24.6700000763,27.1900005341,0.0,-0.017345647249667098,0.003962879312819403,-0.0728257623426588,-0.021739986636405875,0.07861601112074454,0.029818870444518135,0.0784229240446094,0.08908044966251782,0.10528378772174643,-0.026526754333428597,0.03361137928486695,-0.113810388798,-0.0169029424037,0.060627535093745605,0.03226539054384428
2026-03-16,0.0144795744903,29,0,-0.0169029424037,172,0,925000.0,975000.0,924000.0,974000.0,3829496.0,25.8799991608,26.4200000763,23.2299995422,23.5100002289,0.0,0.011345503497299767,-0.012805412297454483,-0.10561656482066413,0.06796670413163935,0.060627535093745605,0.03226539054384428,0.07861601112074454,0.0784229240446094,0.08908044966251782,-0.021739986636405875,-0.0728257623426588,0.0144795744903,0.181444974091,0.038439064886533626,0.02488785563682938
2026-03-17,0.0739806721678,24,0,0.181444974091,33,0,1009000.0,1010000.0,969000.0,970000.0,3326240.0,24.5599994659,24.5799999237,21.8700008392,22.3700008392,0.0,0.01619826790552394,-0.0011866933526957916,-0.038598993163243764,-0.004115232145106544,0.038439064886533626,0.02488785563682938,0.060627535093745605,0.07861601112074454,0.0784229240446094,0.06796670413163935,-0.10561656482066413,0.0739806721678,0.155504067506,0.052458130152037666,0.035594907326945854
2026-03-18,0.0226424763316,49,0,0.155504067506,55,0,1000000.0,1060000.0,999000.0,1056000.0,4347884.0,21.5100002289,25.1299991608,21.4699993134,25.0900001526,0.0,0.049216582027912265,0.023848313586276662,0.029595716913284942,0.08494739276877819,0.052458130152037666,0.035594907326945854,0.038439064886533626,0.060627535093745605,0.07861601112074454,-0.004115232145106544,-0.038598993163243764,0.0226424763316,-0.0797581820402,0.056106416276782006,0.023485346495444377
2026-03-19,-0.0653005141583,61,0,-0.0797581820402,57,0,1008000.0,1043000.0,1003000.0,1013000.0,3347483.0,25.6000003815,27.5200004578,23.5400009155,24.0599994659,0.0,-0.027689404011756263,-0.018112512347757632,0.023530497410194036,-0.04157196001752345,0.056106416276782006,0.023485346495444377,0.052458130152037666,0.038439064886533626,0.060627535093745605,0.08494739276877819,0.029595716913284942,-0.0653005141583,0.0347654860136,0.053768493634840396,0.014215130015910342
2026-03-20,0.0726605265989,59,0,0.0347654860136,38,0,1023000.0,1026000.0,1002000.0,1007000.0,3426646.0,24.4599990845,29.2800006866,23.6800003052,26.7800006866,0.0,0.003114927304790473,0.015653248027335174,0.0030600329880989645,-0.005940611530121059,0.053768493634840396,0.014215130015910342,0.056106416276782006,0.052458130152037666,0.038439064886533626,-0.04157196001752345,0.023530497410194036,0.0726605265989,-0.06428451635,0.06010869251399009,0.022881289540448976
2026-03-23,-0.0220356199636,37,0,-0.06428451635,172,0,952000.0,963000.0,927000.0,933000.0,3911813.0,30.0400009155,31.0400009155,20.2800006866,26.1499996185,0.0,-0.06714807172068243,-0.05725058940103121,0.12105270641891071,-0.07632569187121843,0.06010869251399009,0.022881289540448976,0.053768493634840396,0.056106416276782006,0.052458130152037666,-0.005940611530121059,0.0030600329880989645,-0.0220356199636,0.0547740289545,0.06671646671084658,0.034824897293954035
2026-03-24,-0.0382496070551,45,0,0.0547740289545,50,0,993000.0,994000.0,938000.0,986000.0,4352152.0,25.9099998474,27.9400005341,25.6399993896,26.9500007629,0.0,0.027040782875872117,0.02213467097761353,0.034278338432104594,0.05525115375529161,0.06671646671084658,0.034824897293954035,0.06010869251399009,0.053768493634840396,0.056106416276782006,-0.07632569187121843,0.12105270641891071,-0.0382496070551,-0.0204583691528,0.05004077087397758,0.03195857896423616
2026-03-25,-0.0295142104584,41,0,-0.0204583691528,35,0,1016000.0,1042000.0,988000.0,995000.0,4463869.0,25.7900009155,26.6700000763,24.8199996948,25.3299999237,0.0,0.015771847983059188,0.03341842504920354,-0.05519623709378531,0.009086382555957442,0.05004077087397758,0.03195857896423616,0.06671646671084658,0.06010869251399009,0.053768493634840396,0.05525115375529161,0.034278338432104594,-0.0295142104584,-0.00336328360843,0.05427228594723347,0.026499645979727947
2026-03-26,-0.00742368640766,22,0,-0.00336328360843,39,0,965000.0,973000.0,931000.0,933000.0,4660620.0,26.4899997711,28.4899997711,26.1200008392,27.4400005341,0.0,-0.03274279743849066,-0.01995545687752218,-0.027195742808490055,-0.06433753631124893,0.05427228594723347,0.026499645979727947,0.05004077087397758,0.06671646671084658,0.06010869251399009,0.009086382555957442,-0.05519623709378531,-0.00742368640766,-0.112545219091,0.054049742760011864,0.03576614071825129
2026-03-27,-0.0849827215245,47,0,-0.112545219091,37,0,890000.0,934000.0,880000.0,922000.0,4520942.0,27.5400009155,31.6499996185,27.5400009155,31.0499992371,0.0,-0.003961716589601455,0.0042754054107606125,0.012453461071286557,-0.011859977290750029,0.054049742760011864,0.03576614071825129,0.05427228594723347,0.05004077087397758,0.06671646671084658,-0.06433753631124893,-0.027195742808490055,-0.0849827215245,-0.0128612325945,0.048769362938866835,0.015135218540743118
2026-03-30,0.0417907154236,24,0,-0.0128612325945,160,0,867000.0,884000.0,862000.0,873000.0,4498502.0,30.7900009155,31.5200004578,29.3299999237,30.6100006104,0.0,-0.030156715411874035,-0.030653127527485516,0.013603422100567213,-0.05460966771699168,0.048769362938866835,0.015135218540743118,0.054049742760011864,0.05427228594723347,0.05004077087397758,-0.011859977290750029,0.012453461071286557,0.0417907154236,-0.1118082149,0.037074073220586166,0.03333281900001056
2026-03-31,-0.0299584464319,22,0,-0.1118082149,46,0,817000.0,852000.0,806000.0,807000.0,7194351.0,29.5300006866,29.6399993896,25.0799999237,25.25,0.0,-0.04353934989936729,-0.05063505177643841,0.000813603494559056,-0.07861188756965336,0.037074073220586166,0.03333281900001056,0.048769362938866835,0.054049742760011864,0.05427228594723347,-0.05460966771699168,0.013603422100567213,-0.0299584464319,0.145078218788,0.07306957122595721,0.0320284360312445
2026-04-01,-0.0117910795238,38,0,0.145078218788,30,0,884000.0,905000.0,858000.0,893000.0,6255058.0,24.2999992371,25.3500003815,23.5,24.5400009155,0.0,0.08099259314848242,0.0588483732274186,0.002761310939958293,0.10126291260655022,0.07306957122595721,0.0320284360312445,0.037074073220586166,0.048769362938866835,0.054049742760011864,-0.07861188756965336,0.000813603494559056,-0.0117910795238,-0.0946303623996,0.07445225801571906,0.06664321677174885
2026-04-02,-0.0871876585304,42,0,-0.0946303623996,45,0,912000.0,914000.0,818000.0,830000.0,6127534.0,26.7800006866,27.8899993896,23.8700008392,23.8700008392,0.0,-0.045682489554427864,-0.0551020381158949,-0.0454623740767574,-0.07316088008585549,0.07445225801571906,0.06664321677174885,0.07306957122595721,0.037074073220586166,0.048769362938866835,0.10126291260655022,0.002761310939958293,-0.0871876585304,-0.00106106155739,0.08239302380336433,0.01788745204120062
2026-04-03,-0.00400738293159,52,0,-0.00106106155739,57,0,867000.0,886000.0,860000.0,876000.0,2927164.0,,,,,,0.027001032478869518,0.00699029774552736,0.0032200688784565523,0.05394039014574777,0.08239302380336433,0.01788745204120062,0.07445225801571906,0.07306957122595721,0.037074073220586166,-0.07316088008585549,-0.0454623740767574,-0.00400738293159,-0.0222579342104,0.07871027647298312,0.02205075612212609
2026-04-06,-0.0411747104879,27,0,-0.0222579342104,111,0,877000.0,901500.0,869000.0,886000.0,3100989.0,24.9300003052,25.2999992371,23.7800006866,24.1700000763,0.0,0.01348976783637407,-0.01551814080488863,0.009095565484485115,0.01135085966868948,0.07871027647298312,0.02205075612212609,0.08239302380336433,0.07445225801571906,0.07306957122595721,0.05394039014574777,0.0032200688784565523,-0.0411747104879,0.0303881901341,0.06431124058378541,0.02968781698682487
2026-04-07,0.0760770937451,52,0,0.0303881901341,56,0,917000.0,933000.0,888000.0,916000.0,3619929.0,25.0900001526,28.0,24.3400001526,25.7800006866,0.0,0.008122393356619132,-0.010210731196053141,-0.0025182586967233012,0.03329941406904926,0.06431124058378541,0.02968781698682487,0.07871027647298312,0.08239302380336433,0.07445225801571906,0.01135085966868948,0.009095565484485115,0.0760770937451,0.0760867106456,0.0701913780561108,0.03754730088780427
2026-04-08,0.043381114428,36,0,0.0760867106456,51,0,1007000.0,1056000.0,992000.0,1033000.0,6709356.0,20.9699993134,22.1700000763,19.9099998474,21.0400009155,0.0,0.06645464088593828,0.04996854318787933,-0.03055105768576042,0.12020610444550822,0.0701913780561108,0.03754730088780427,0.06431124058378541,0.07871027647298312,0.08239302380336433,0.03329941406904926,-0.0025182586967233012,0.043381114428,0.129342824618,0.056985876454106084,0.020865266961623993
2026-04-09,0.0990921527416,34,0,0.129342824618,49,0,1015000.0,1025000.0,990000.0,998000.0,5026817.0,21.25,21.6299991608,19.4500007629,19.4899997711,0.0,-0.016193858798109546,-0.012789610352791822,-0.06701414217449873,-0.034469192808174516,0.056985876454106084,0.020865266961623993,0.0701913780561108,0.06431124058378541,0.07871027647298312,0.12020610444550822,-0.03055105768576042,0.0990921527416,0.0489814790554,0.05620858778436838,0.010465029248729074
2026-04-10,-0.00975296121494,26,0,0.0489814790554,33,0,1030000.0,1042000.0,1024000.0,1027000.0,3134921.0,19.7099990845,20.2800006866,18.8299999237,19.2299995422,0.0,0.013897419484576854,0.016251976645327817,-0.08465550473251068,0.028643933617094337,0.05620858778436838,0.010465029248729074,0.056985876454106084,0.0701913780561108,0.06431124058378541,-0.034469192808174516,-0.06701414217449873,-0.00975296121494,-0.0224804631443,0.056099448287343215,0.027691395133862515
2026-04-13,0.0178187315725,29,0,-0.0224804631443,158,0,999000.0,1043000.0,996000.0,1040000.0,2769753.0,21.1700000763,21.5799999237,18.9599990845,19.1200008392,0.0,-0.008613731093300669,0.005662276294411598,0.011231566123103002,0.012578782206860185,0.056099448287343215,0.027691395133862515,0.05620858778436838,0.056985876454106084,0.0701913780561108,0.028643933617094337,-0.08465550473251068,0.0178187315725,0.129045218666,0.05738686656060516,0.027228652620166667
2026-04-14,0.337150615186,57,0,0.129045218666,44,0,1092000.0,1128000.0,1078000.0,1103000.0,4754545.0,18.7299995422,18.7600002289,17.8899993896,18.3600006104,0.0,0.027026950807129444,0.019841134829755688,-0.005399473172116268,0.05881302711808413,0.05738686656060516,0.027228652620166667,0.056099448287343215,0.05620858778436838,0.056985876454106084,0.012578782206860185,0.011231566123103002,0.337150615186,0.144202538781,0.03423481551497429,0.022429121433341723
2026-04-15,0.114719104414,29,0,0.144202538781,58,0,1165000.0,1173000.0,1130000.0,1136000.0,4093703.0,18.1800003052,18.5,17.3999996185,18.1700000763,0.0,0.020506326756059765,0.026866907007865613,0.04124700946231944,0.029479580027594238,0.03423481551497429,0.022429121433341723,0.05738686656060516,0.056099448287343215,0.05620858778436838,0.05881302711808413,-0.005399473172116268,0.114719104414,0.0749171652126,0.0181153850887195,0.01625363046988094
2026-04-16,-0.0576275911855,46,0,0.0749171652126,31,0,1141000.0,1161000.0,1130000.0,1155000.0,2901319.0,18.0400009155,19.0900001526,17.7600002289,17.9400005341,0.0,0.021865804125912495,0.009104321330032392,-0.02928752866817953,0.016587023674797207,0.0181153850887195,0.01625363046988094,0.03423481551497429,0.05738686656060516,0.056099448287343215,0.029479580027594238,0.04124700946231944,-0.0576275911855,-0.0528172511581,0.029837255414847802,0.017944288268481188
2026-04-17,-0.0352864145737,36,0,-0.0528172511581,81,0,1149000.0,1155000.0,1121000.0,1128000.0,3578235.0,18.1800003052,18.2399997711,16.8700008392,17.4799995422,0.0,-0.005496886518266387,0.006060858412469492,-0.03960913809504583,-0.023654190897889716,0.029837255414847802,0.017944288268481188,0.0181153850887195,0.03423481551497429,0.05738686656060516,0.016587023674797207,-0.02928752866817953,-0.0352864145737,-0.0289115130397,0.03018646921435484,0.017634324717361878
2026-04-20,-0.0353815980897,35,0,-0.0289115130397,204,0,1148000.0,1175000.0,1141000.0,1166000.0,3748014.0,19.5799999237,19.9899997711,18.7700004578,18.8700008392,0.0,0.004378377489743396,0.004102543613021804,0.03663265013506001,0.033132934852433446,0.03018646921435484,0.017634324717361878,0.029837255414847802,0.0181153850887195,0.03423481551497429,-0.023654190897889716,-0.03960913809504583,-0.0353815980897,0.165837471087,0.027345700642171594,0.017365639575861166
2026-04-21,-0.0241186075459,40,0,0.165837471087,68,0,1196000.0,1228000.0,1193000.0,1224000.0,3516960.0,19.1800003052,20.8500003815,18.75,19.5,0.0,0.02687120930313539,0.0035515866516517124,0.025700286499372643,0.04854509616183379,0.027345700642171594,0.017365639575861166,0.03018646921435484,0.029837255414847802,0.0181153850887195,0.033132934852433446,0.03663265013506001,-0.0241186075459,0.0015900637647,0.02828709359279799,0.01879999124333952
2026-04-22,-0.0399464309403,55,0,0.0015900637647,73,0,1227000.0,1233000.0,1195000.0,1223000.0,2894919.0,19.0300006866,19.5400009155,18.6800003052,18.9200000763,0.0,0.004600832703428089,0.001771074335367912,0.009445853365086493,-0.0008173273850990331,0.02828709359279799,0.01879999124333952,0.027345700642171594,0.03018646921435484,0.029837255414847802,0.04854509616183379,0.025700286499372643,-0.0399464309403,-0.0310268738413,0.028830693411124615,0.041197487482150706
2026-04-23,0.0170782738631,49,0,-0.0310268738413,52,0,1220000.0,1267000.0,1183000.0,1225000.0,5343871.0,19.4200000763,21.5599994659,18.7000007629,19.3099994659,0.0,0.008978060483150793,-0.0057823997953690325,0.03599069559933016,0.001633987291654955,0.028830693411124615,0.041197487482150706,0.02828709359279799,0.027345700642171594,0.03018646921435484,-0.0008173273850990331,0.009445853365086493,0.0170782738631,-0.00464779069397,0.023358086840127492,0.02417369374697011
2026-04-24,-0.0035860052108,66,0,-0.00464779069397,47,0,1237000.0,1242000.0,1193000.0,1222000.0,3127857.0,18.8899993896,19.3500003815,18.4599990845,18.7099990845,0.0,-2.7796136956521285e-05,0.024835706626346116,-0.008736927033002636,-0.0024519832472867566,0.023358086840127492,0.02417369374697011,0.028830693411124615,0.02828709359279799,0.027345700642171594,0.001633987291654955,0.03599069559933016,-0.0035860052108,0.0341656157126,0.02899522572818657,0.03183766620665674
2026-04-27,0.00271791596471,62,0,0.0341656157126,208,0,1253000.0,1317000.0,1249000.0,1292000.0,4563073.0,19.2099990845,19.2700004578,18.0200004578,18.0200004578,0.0,0.0212984325542038,0.018387197970030505,0.025621160026658693,0.05570254461100663,0.02899522572818657,0.03183766620665674,0.023358086840127492,0.028830693411124615,0.02828709359279799,-0.0024519832472867566,-0.008736927033002636,0.00271791596471,0.0643464340271,0.024619374328421078,0.014648560465145979
2026-04-28,0.0233166792885,52,0,0.0643464340271,42,0,1313000.0,1328000.0,1296000.0,1300000.0,3002713.0,18.2999992371,19.4300003052,17.7800006866,17.8299999237,0.0,0.003921233444653669,-0.008682316515871792,0.0009095043828403909,0.006172859107081016,0.024619374328421078,0.014648560465145979,0.02899522572818657,0.023358086840127492,0.028830693411124615,0.05570254461100663,0.025621160026658693,0.0233166792885,0.0153636724596,0.025293985335323448,0.016644793912081964
2026-04-29,0.0862431926492,60,0,0.0153636724596,54,0,1284000.0,1317000.0,1281000.0,1293000.0,3001208.0,17.8299999237,19.0,17.8099994659,18.8099994659,0.0,0.007482828091203543,0.00384262164890779,0.010310302059358956,-0.005399164677770673,0.025293985335323448,0.016644793912081964,0.024619374328421078,0.02899522572818657,0.023358086840127492,0.006172859107081016,0.0009095043828403909,0.0862431926492,0.00795362313189,0.026140003798461986,0.017942266622735105
2026-04-30,0.0301482049525,40,0,0.00795362313189,35,0,1312000.0,1325000.0,1286000.0,1286000.0,3342342.0,18.6800003052,18.7299995422,16.8700008392,16.8899993896,0.0,-0.013849971987185383,-0.023137801088446073,-0.022382883293628163,-0.005428473974292759,0.026140003798461986,0.017942266622735105,0.025293985335323448,0.024619374328421078,0.02899522572818657,-0.005399164677770673,0.010310302059358956,0.0301482049525,-0.0164004709965,0.053386867303931246,0.050526124117505906
2026-05-08,-0.0527735957538,55,0,0.0396901886029,65,0,1591000.0,1689000.0,1591000.0,1686000.0,4278087.0,17.3700008392,17.5300006866,16.8199996948,17.1900005341,0.0,0.0010608452394504477,0.007096294684159373,-0.00855409065311771,0.019162262978164212,0.053648485444411836,0.03589787845081739,0.058440837018213974,0.06132319970745351,0.053386867303931246,0.032568162586921946,0.016182651694643637,-0.0527735957538,0.0263065564053,0.046347081194138634,0.03914976716182006
2026-05-11,0.133749888167,73,0,0.0263065564053,217,0,1833000.0,1949000.0,1826000.0,1880000.0,7433039.0,18.2099990845,18.4699993134,17.8999996185,18.3799991608,0.0,0.042334640238747195,-0.0003146919771236175,0.08043658604644731,0.10891291726219408,0.046347081194138634,0.03914976716182006,0.053648485444411836,0.058440837018213974,0.06132319970745351,0.019162262978164212,-0.00855409065311771,0.133749888167,0.109236421147,0.056610857842577356,0.05195041658961226
2026-05-12,0.0613375493173,48,0,0.109236421147,46,0,1944000.0,1967000.0,1804000.0,1835000.0,9160593.0,18.7700004578,19.1000003815,17.9200000763,17.9899997711,0.0,-0.023161136682916986,-0.02350703011773185,0.0669175487619888,-0.024227295335324237,0.056610857842577356,0.05195041658961226,0.046347081194138634,0.053648485444411836,0.058440837018213974,0.10891291726219408,0.08043658604644731,0.0613375493173,-0.0908382229414,0.05123427458266082,0.066638051691638
2026-05-13,0.105650359786,39,0,-0.0908382229414,48,0,1781000.0,1990000.0,1781000.0,1976000.0,7126921.0,17.9799995422,18.3999996185,17.7600002289,17.8700008392,0.0,0.02594036132350226,-0.0020032091987956264,0.08234314577107787,0.0740301178191424,0.05123427458266082,0.066638051691638,0.056610857842577356,0.046347081194138634,0.053648485444411836,-0.024227295335324237,0.0669175487619888,0.105650359786,0.0568900581637,0.05520935729109818,0.017417648479814998
2026-05-14,0.0301372491613,24,0,0.0568900581637,66,0,1976000.0,1994000.0,1937000.0,1970000.0,6040068.0,17.8600006104,18.0799999237,17.2000007629,17.2600002289,0.0,0.017364904389842967,0.011959500996276252,-0.04361058666477095,-0.0030410565757789344,0.05520935729109818,0.017417648479814998,0.05123427458266082,0.056610857842577356,0.046347081194138634,0.0740301178191424,0.08234314577107787,0.0301372491613,0.0768441976001,0.07606774186342885,0.06545351161030374
2026-05-15,-0.0756529448983,37,0,0.0768441976001,29,0,1950000.0,1995000.0,1789000.0,1819000.0,7485233.0,18.0699996948,19.2700004578,17.7999992371,18.4300003052,0.0,-0.06312181406832941,-0.05281052626824246,0.024388148169370974,-0.07974664321391198,0.07606774186342885,0.06545351161030374,0.05520935729109818,0.05123427458266082,0.056610857842577356,-0.0030410565757789344,-0.04361058666477095,-0.0756529448983,0.0129166900524,0.05584678113552479,0.054996040819152575
2026-05-18,0.12024420813,60,0,0.0129166900524,211,0,1780000.0,1897000.0,1731000.0,1840000.0,6481608.0,19.25,19.4400005341,17.7000007629,17.8199996948,0.0,0.0030461300022675067,-0.016716812523203273,-0.008873411273902067,0.011478672084909122,0.05584678113552479,0.054996040819152575,0.07606774186342885,0.05520935729109818,0.05123427458266082,-0.07974664321391198,0.024388148169370974,0.12024420813,0.0346642592272,0.05976065986811714,0.027985180699012322
2026-05-19,-0.0369106007307,31,0,0.0346642592272,64,0,1791000.0,1823000.0,1740000.0,1745000.0,4575855.0,18.0100002289,18.3600006104,17.6599998474,18.0599994659,0.0,-0.033054802410157444,-0.024351564272937762,-0.021016057330306346,-0.05301101596650371,0.05976065986811714,0.027985180699012322,0.05584678113552479,0.07606774186342885,0.05520935729109818,0.011478672084909122,-0.008873411273902067,-0.0369106007307,-0.0456302360518,0.039432246334477915,0.030484851970338817
2026-05-20,-0.158955005409,41,0,-0.0456302360518,60,0,1743000.0,1778000.0,1690000.0,1745000.0,5535123.0,18.1700000763,18.1800003052,17.1299991608,17.4400005341,0.0,-0.008661291483013292,-0.02643548023847289,-0.015846870400525348,0.0,0.039432246334477915,0.030484851970338817,0.05976065986811714,0.05584678113552479,0.07606774186342885,-0.05301101596650371,-0.021016057330306346,-0.158955005409,0.126363146912,0.07154761780669579,0.05063726908156681
2026-05-21,-0.0111601371336,54,0,0.126363146912,59,0,1801000.0,1954000.0,1796000.0,1940000.0,5096690.0,17.5799999237,17.8700008392,16.6000003815,16.7600002289,0.0,0.08079714724144021,0.04616830699238634,-0.0005606166930293636,0.10593341742084628,0.07154761780669579,0.05063726908156681,0.039432246334477915,0.05976065986811714,0.05584678113552479,0.0,-0.015846870400525348,-0.0111601371336,0.0428845589006,0.05770886912054355,0.01243442357066559
2026-05-22,-0.0246308740135,54,0,0.0428845589006,32,0,1942000.0,1952000.0,1912000.0,1941000.0,3135190.0,16.8299999237,17.3899993896,16.4599990845,16.7000007629,0.0,0.004101312625509279,0.048670890926563314,-0.06307223836798796,0.0005153311116364386,0.05770886912054355,0.01243442357066559,0.07154761780669579,0.039432246334477915,0.05976065986811714,0.10593341742084628,-0.0005606166930293636,-0.0246308740135,0.0104298516447,0.06071783621280863,0.023773178374614675
2026-05-28,0.0487300419544,55,0,0.0379950324546,80,0,2189000.0,2305000.0,2151000.0,2289000.0,6229499.0,16.7600002289,16.8500003815,15.6099996567,15.7399997711,0.0,-0.005289402663164082,-0.02571773343645566,0.011518599049282475,0.020300785432358325,0.04449861468385435,0.04152750176163591,0.04906498996996836,0.06071783621280863,0.05770886912054355,0.08899932822954815,0.03874611542244207,0.0487300419544,0.015052524962,0.035294560454697775,0.022767333498667105
2026-05-29,0.108831899149,39,0,0.015052524962,61,0,2352000.0,2379000.0,2290500.0,2333000.0,8518013.0,15.8100004196,15.8800001144,15.220000267,15.3199996948,0.0,0.034917696415062364,-0.027131383897429653,0.03647737478233428,0.019039952068863324,0.035294560454697775,0.022767333498667105,0.04449861468385435,0.04906498996996836,0.06071783621280863,0.020300785432358325,0.011518599049282475,0.108831899149,0.0340472976197,0.03244607359331664,0.026104340523416574
2026-06-01,-0.0403072102818,45,0,0.0340472976197,246,0,2299000.0,2398000.0,2296000.0,2363000.0,5602897.0,15.8800001144,16.3400001526,15.7100000381,16.0499992371,0.0,0.036174057094032125,-0.023315862569351184,-0.0005387931164825781,0.012777005165477848,0.03244607359331664,0.026104340523416574,0.035294560454697775,0.04449861468385435,0.04906498996996836,0.019039952068863324,0.03647737478233428,-0.0403072102818,0.0995929247938,0.03517445229134496,0.03811096621447255
2026-06-02,0.00448359775213,35,0,0.0995929247938,64,0,2376000.0,2407000.0,2259000.0,2360000.0,5837216.0,16.2800006866,16.2900009155,15.7100000381,15.7700004578,0.0,0.0014906309628797592,-0.023121749102661956,-0.008388629897621028,-0.0012703791672521217,0.03517445229134496,0.03811096621447255,0.03244607359331664,0.035294560454697775,0.04449861468385435,0.012777005165477848,-0.0005387931164825781,0.00448359775213,0.0672500126427,0.019563309354125067,0.01701420318051652
2026-06-08,-0.00631257954753,43,0,-0.0591037840348,214,0,1856000.0,2072000.0,1855000.0,1911000.0,6610833.0,20.2900009155,20.3500003815,17.9400005341,18.9200000763,0.0,-0.086494279834287,-0.09522140037675428,0.04251989867007792,-0.07992194201914168,0.0505398500735644,0.06643986283614692,0.05032816791018766,0.019563309354125067,0.03517445229134496,-0.1044905721492863,0.0,-0.00631257954753,-0.0112156493873,0.09870769123345056,0.06489638708308311
2026-06-09,0.0877718190581,38,0,-0.0112156493873,72,0,2050000.0,2226000.0,1998000.0,2215000.0,5878039.0,18.1900005341,23.3400001526,17.5200004578,19.8700008392,0.0,0.07866278703988659,0.06006488038040641,0.17439514537507006,0.14762573823896297,0.09870769123345056,0.06489638708308311,0.0505398500735644,0.05032816791018766,0.019563309354125067,-0.07992194201914168,0.04251989867007792,0.0877718190581,-0.0153893963813,0.10238575036934079,0.05416204320409965
2026-06-10,-0.0696917924417,65,0,-0.0153893963813,67,0,2137000.0,2180000.0,1992000.0,2048000.0,4928269.0,20.1000003815,22.6599998474,20.0599994659,22.2199993134,0.0,-0.04627004030917237,-0.016859483236135127,-0.032077591591677716,-0.07838869631983766,0.10238575036934079,0.05416204320409965,0.09870769123345056,0.0505398500735644,0.05032816791018766,0.14762573823896297,0.17439514537507006,-0.0696917924417,-0.0463020212071,0.10522615575780223,0.05918631186935366
2026-06-11,-0.0918706014032,58,0,-0.0463020212071,64,0,1975000.0,2163000.0,1960000.0,2101000.0,6625775.0,21.25,22.5900001526,19.3600006104,19.4400005341,0.0,0.004276288126426035,0.046504253081989445,-0.011955735920148884,0.025549714685602014,0.10522615575780223,0.05918631186935366,0.10238575036934079,0.09870769123345056,0.0505398500735644,-0.07838869631983766,-0.032077591591677716,-0.0918706014032,0.0750870600534,0.09383813678049024,0.04154616391943205
2026-06-12,0.0651708198193,38,0,0.0750870600534,45,0,2281000.0,2304000.0,2150000.0,2150000.0,5286416.0,19.5100002289,19.8500003815,17.5900001526,17.6800003052,0.0,0.04528464232982864,0.03171076865340829,0.02945870715112491,0.023054420276708103,0.09383813678049024,0.04154616391943205,0.10522615575780223,0.10238575036934079,0.09870769123345056,0.025549714685602014,-0.011955735920148884,0.0651708198193,0.00974566549361,0.08140769539944515,0.014926422848191259
2026-06-15,-0.00650136005139,37,0,0.00974566549361,218,0,2283000.0,2322000.0,2265000.0,2288000.0,3872910.0,16.7800006866,16.8500003815,15.9799995422,16.2000007629,0.0,0.050685129306478435,0.004827742668672616,-0.023178355363575414,0.06221023137798008,0.08140769539944515,0.014926422848191259,0.09383813678049024,0.10522615575780223,0.10238575036934079,0.023054420276708103,0.02945870715112491,-0.00650136005139,-0.0295958810305,0.05422993737265463,0.029226414297081546
2026-06-16,0.00377149828764,20,0,-0.0295958810305,54,0,2381000.0,2400000.0,2286000.0,2382000.0,3644469.0,16.2000007629,16.4400005341,15.7700004578,16.4099998474,0.0,0.02091483542211756,-0.014956117649264996,-0.04136758062371529,0.04026239741555685,0.05422993737265463,0.029226414297081546,0.08140769539944515,0.09383813678049024,0.10522615575780223,0.06221023137798008,-0.023178355363575414,0.00377149828764,0.0124451657102,0.017724142647470856,0.046762779733020815
2026-06-17,0.0127771426276,29,0,0.0124451657102,50,0,2335000.0,2523000.0,2334000.0,2521000.0,3980010.0,16.0799999237,18.8400001526,16.0200004578,18.4400005341,0.0,0.015649373085599518,0.01295223506253269,-0.05662119765333327,0.05671517727267442,0.017724142647470856,0.046762779733020815,0.05422993737265463,0.08140769539944515,0.09383813678049024,0.04026239741555685,-0.04136758062371529,0.0127771426276,0.0491099431402,0.017177321903714293,0.04130911620039067
2026-06-18,-0.00705634971018,22,0,0.0491099431402,78,0,2556000.0,2738000.0,2556000.0,2685000.0,5808765.0,17.2299995422,17.6000003815,16.3500003815,16.3999996185,0.0,0.022267665868581202,-0.03053033880034026,0.007504725654067572,0.0630250797550452,0.017177321903714293,0.04130911620039067,0.017724142647470856,0.05422993737265463,0.08140769539944515,0.05671517727267442,-0.05662119765333327,-0.00705634971018,0.0336979957375,0.014995333919114371,0.04372388273248992
2026-06-19,-0.0244611488425,41,0,0.0336979957375,60,0,2824000.0,2891000.0,2688000.0,2764000.0,7478195.0,,,,,,-0.001260746038382674,-0.03491043298367267,0.040537842003219526,0.028998177944595478,0.014995333919114371,0.04372388273248992,0.017177321903714293,0.017724142647470856,0.05422993737265463,0.0630250797550452,0.007504725654067572,-0.0244611488425,-0.0022228977042,0.0138127688790163,0.04596700090093947
2026-06-22,0.0255034077642,23,0,-0.0022228977042,163,0,2728000.0,2945000.0,2728000.0,2919000.0,5179795.0,17.4799995422,17.9200000763,16.4899997711,17.2800006866,0.0,0.006839912459375984,0.001870811247506853,0.04435290798325018,0.05456218596655429,0.0138127688790163,0.04596700090093947,0.014995333919114371,0.017177321903714293,0.017724142647470856,0.028998177944595478,0.040537842003219526,0.0255034077642,-0.053351970537,0.08331092592741315,0.08938839007172561
2026-06-23,-0.0243952737744,16,0,-0.053351970537,40,0,2898000.0,2943000.0,2536000.0,2555000.0,8050335.0,19.6700000763,20.5400009155,18.6100006104,19.4899997711,0.0,-0.10526970040189786,-0.08271735391251724,0.023195020750631814,-0.13318886821630996,0.08331092592741315,0.08938839007172561,0.0138127688790163,0.014995333919114371,0.017177321903714293,0.05456218596655429,0.04435290798325018,-0.0243952737744,-0.0418351449466,0.07987042671457273,0.05828476637887213
2026-06-24,-0.09057854779,33,0,-0.0418351449466,46,0,2598000.0,2703000.0,2453000.0,2580000.0,7487916.0,19.1299991608,20.3400001526,18.0400009155,18.6299991608,0.0,0.03204858910463159,0.01975819899059097,0.058642356182641214,0.009737175277858244,0.07987042671457273,0.05828476637887213,0.08331092592741315,0.0138127688790163,0.014995333919114371,-0.13318886821630996,0.023195020750631814,-0.09057854779,0.0667725251652,0.09400787760128228,0.04986599613892269
2026-06-25,-0.0243907337955,63,0,0.0667725251652,52,0,2865000.0,2987000.0,2749000.0,2917000.0,6790853.0,18.1100006104,19.9500007629,17.7199993134,18.8899993896,0.0,0.052799062506013586,-0.02392831400732568,0.0029489226214851204,0.1227662919520584,0.09400787760128228,0.04986599613892269,0.07987042671457273,0.08331092592741315,0.0138127688790163,0.009737175277858244,0.058642356182641214,-0.0243907337955,-0.0434630678187,0.10403040329393248,0.06142470881171132
2026-06-26,-0.0776620335517,23,0,-0.0434630678187,62,0,2850000.0,2880000.0,2600000.0,2673000.0,7467492.0,19.7000007629,20.7199993134,18.2000007629,18.4099998474,0.0,-0.05988464897563863,-0.04191093944315245,-0.025347469932461973,-0.08735425372880241,0.10403040329393248,0.06142470881171132,0.09400787760128228,0.07987042671457273,0.08331092592741315,0.1227662919520584,0.0029489226214851204,-0.0776620335517,-0.00302931845403,0.09825849008808668,0.03947471170469213
2026-06-29,-0.0129147556949,21,0,-0.00302931845403,191,0,2636000.0,2688000.0,2517000.0,2628000.0,5217788.0,18.6000003815,19.4500007629,17.4899997711,17.6499996185,0.0,-0.0019707417959777896,0.0781462267176879,0.044615888798338846,-0.016978336534417906,0.09825849008808668,0.03947471170469213,0.10403040329393248,0.09400787760128228,0.07987042671457273,-0.08735425372880241,-0.025347469932461973,-0.0129147556949,0.0601657577608,0.0756444713399549,0.04572065050257432
2026-06-30,-0.060440622149,43,0,0.0601657577608,44,0,2608000.0,2742000.0,2541000.0,2650000.0,5109213.0,17.5400009155,17.75,16.2700004578,16.4500007629,0.0,0.00970067111132098,-0.004780191489721528,-0.03292737440505095,0.008336539375766843,0.0756444713399549,0.04572065050257432,0.09825849008808668,0.10403040329393248,0.09400787760128228,-0.016978336534417906,0.044615888798338846,-0.060440622149,0.00284968707353,0.07784896372178547,0.05083378346148537
2026-07-01,-0.0196017126947,28,0,0.00284968707353,60,0,2665000.0,2723000.0,2502000.0,2560000.0,4277276.0,17.1100006104,17.2999992371,15.970000267,16.5900001526,0.0,-0.020628995485669436,0.014272565134896647,-0.056243242620263256,-0.03455238150665973,0.07784896372178547,0.05083378346148537,0.0756444713399549,0.09825849008808668,0.10403040329393248,0.008336539375766843,-0.03292737440505095,-0.0196017126947,0.0529854087676,0.06593476621576948,0.06770764430616684
2026-07-02,-0.0673379001096,30,0,0.0529854087676,56,0,2351000.0,2448000.0,2187000.0,2187000.0,7685914.0,17.0499992371,17.2099990845,15.7899999619,16.1499996185,0.0,-0.08221033034072892,-0.06976944514477323,-0.025818203538607795,-0.15747651679684038,0.06593476621576948,0.06770764430616684,0.07784896372178547,0.0756444713399549,0.09825849008808668,-0.03455238150665973,-0.056243242620263256,-0.0673379001096,-0.160586905633,0.09370879618982525,0.10949525373502514
2026-07-03,0.00311874711256,34,0,-0.160586905633,37,0,2197000.0,2454000.0,2045000.0,2425000.0,7984914.0,,,,,,0.05596757495887649,0.0019479814589229772,0.03278608967581722,0.10330078269481577,0.09370879618982525,0.10949525373502514,0.06593476621576948,0.07784896372178547,0.0756444713399549,-0.15747651679684038,-0.025818203538607795,0.00311874711256,-0.00414295485957,0.09391644461412378,0.05144720316065657
2026-07-06,-0.019660650533,42,0,-0.00414295485957,221,0,2450000.0,2497000.0,2292000.0,2343000.0,4235360.0,16.3999996185,16.5,15.5600004196,15.5699996948,0.0,-0.004586223246277443,-0.024880617503237324,-0.02759187242244934,-0.03439936486378786,0.09391644461412378,0.05144720316065657,0.09370879618982525,0.06593476621576948,0.07784896372178547,0.10330078269481577,0.03278608967581722,-0.019660650533,-0.0433267911609,0.09335799315733406,0.0715053788765093
2026-07-07,-0.0967944123406,32,0,-0.0433267911609,30,0,2289000.0,2343000.0,2080000.0,2201000.0,6351195.0,15.8699998856,16.6399993896,15.529999733,16.1299991608,0.0,-0.05030715072589894,-0.01887680433503661,-0.013561494425648425,-0.06252035698133393,0.09335799315733406,0.0715053788765093,0.09391644461412378,0.09370879618982525,0.06593476621576948,-0.03439936486378786,-0.02759187242244934,-0.0967944123406,-0.0352512638419,0.09380456108359962,0.06906215163390639
2026-07-08,-0.0269860468871,34,0,-0.0352512638419,60,0,2118000.0,2329000.0,2076000.0,2076000.0,6975631.0,16.5499992371,18.9099998474,16.3500003815,16.8999996185,0.0,-0.054971532249633415,-0.05722281374782947,0.025463672010103917,-0.058468837240682435,0.09380456108359962,0.06906215163390639,0.09335799315733406,0.09391644461412378,0.09370879618982525,-0.06252035698133393,-0.013561494425648425,-0.0269860468871,0.0236527144879,0.07390437549385159,0.049328542504016505
2026-07-09,-0.0566448968373,55,0,0.0236527144879,74,0,2228000.0,2270000.0,2091000.0,2186000.0,6261504.0,16.5799999237,17.2700004578,15.7600002289,15.8400001526,0.0,0.006206902247972065,0.011399743464727288,-0.027917374240184506,0.051630424450704544,0.07390437549385159,0.049328542504016505,0.09380456108359962,0.09335799315733406,0.09391644461412378,-0.058468837240682435,0.025463672010103917,-0.0566448968373,0.0896040030723,0.04721026934018562,0.03735402280898042
2026-07-10,0.0249544197232,38,0,0.0896040030723,39,0,2296000.0,2305000.0,2166000.0,2180000.0,4827239.0,16.0599994659,16.1599998474,14.9600000381,15.029999733,0.0,0.02492434943160137,0.05325421686935609,-0.08965237358346119,-0.00274851295334916,0.04721026934018562,0.03735402280898042,0.07390437549385159,0.09380456108359962,0.09335799315733406,0.051630424450704544,-0.027917374240184506,0.0249544197232,-0.0545621357689,0.08126871024568585,0.0915964096284874
2026-07-13,0.147017499554,20,0,-0.0545621357689,170,0,2113000.0,2142000.0,1839000.0,1845000.0,8040043.0,16.3199996948,17.4099998474,16.0300006866,17.1599998474,0.0,-0.09374865299764747,-0.046526270619333565,0.0641785715266296,-0.16684559930850715,0.08126871024568585,0.0915964096284874,0.04721026934018562,0.07390437549385159,0.09380456108359962,-0.00274851295334916,-0.08965237358346119,0.147017499554,0.0271199158919,0.08846733213404484,0.0858930927128578
2026-07-14,-0.0296147063198,39,0,0.0271199158919,43,0,1825000.0,1936000.0,1678000.0,1913000.0,10447011.0,17.2099990845,17.5599994659,16.1499996185,16.5,0.0,0.007304024930445705,-0.019427897676222765,0.007650963801356348,0.03619341296562525,0.08846733213404484,0.0858930927128578,0.08126871024568585,0.04721026934018562,0.07390437549385159,-0.16684559930850715,0.0641785715266296,-0.0296147063198,-0.0282283066145,0.0987239739080623,0.028610305546583274
2026-07-15,0.028881923346,21,0,-0.0282283066145,62,0,2120000.0,2171000.0,2070000.0,2082000.0,6046951.0,16.2000007629,16.5699996948,15.6400003433,15.6700000763,0.0,0.060491212223520927,0.05635520806302631,0.021442857389402093,0.08465627973466137,0.0987239739080623,0.028610305546583274,0.08846733213404484,0.08126871024568585,0.04721026934018562,0.03619341296562525,0.007650963801356348,0.028881923346,-0.0813673251216,0.10660549177775734,0.03148046721355739
2026-07-16,0.0712765079367,24,0,-0.0813673251216,31,0,1902000.0,1919000.0,1821000.0,1842000.0,5608812.0,15.8199996948,17.2299995422,15.7700004578,16.7299995422,0.0,-0.06578900350999517,-0.04637936668038584,0.015613571104422191,-0.12247703235966206,0.10660549177775734,0.03148046721355739,0.0987239739080623,0.08846733213404484,0.08126871024568585,0.08465627973466137,0.021442857389402093,0.0712765079367,-0.0689808667858,0.10514276133610323,0.052024849823608534
2026-07-22,0.033373529006,40,0,0.0188008109195,80,0,1977000.0,2006000.0,1830000.0,1830000.0,4802637.0,17.4200000763,19.4899997711,16.6399993896,16.6399993896,0.0,0.00734556462005926,-0.0029911683196675977,-0.025049019599161868,-0.0032733253449691376,0.0794623573453284,0.05514756717203563,0.08207471415933736,0.10514276133610323,0.10660549177775734,0.040005334613699206,-0.02305644752195273,0.033373529006,0.0240351625746,0.0696594571027676,0.032624843463609776
2026-07-23,-0.0145736113709,27,0,0.0240351625746,40,0,1910000.0,1948000.0,1845000.0,1919000.0,4119477.0,17.6700000763,20.3099994659,17.3199996948,18.7000007629,0.0,0.04307234024240879,0.05086182824828499,-0.028547114629072542,0.04748825017223327,0.0696594571027676,0.032624843463609776,0.0794623573453284,0.08207471415933736,0.10514276133610323,-0.0032733253449691376,-0.025049019599161868,-0.0145736113709,-0.0179699824486,0.056772480778104074,0.04680353769305186
2026-07-24,-0.101458483565,49,0,-0.0179699824486,52,0,1894000.0,1894000.0,1752000.0,1759000.0,4935624.0,18.9599990845,19.0499992371,17.4099998474,18.5799999237,0.0,-0.05895011443460119,-0.05469026066778427,-0.022752537017355155,-0.08705875127014179,0.056772480778104074,0.04680353769305186,0.0696594571027676,0.0794623573453284,0.08207471415933736,0.04748825017223327,-0.028547114629072542,-0.101458483565,-0.0347294713718,0.05543852020139901,0.03882529510182606
2026-07-27,-0.0209411273622,40,0,-0.0347294713718,213,0,1814000.0,1821000.0,1707000.0,1816000.0,4030933.0,17.6200008392,19.9300003052,17.5300006866,18.6700000763,0.0,0.009687448635127037,0.021995758165428685,-0.014084739881739085,0.031890814423680365,0.05543852020139901,0.03882529510182606,0.056772480778104074,0.0696594571027676,0.0794623573453284,-0.08705875127014179,-0.022752537017355155,-0.0209411273622,-0.1393477394,0.08690789001725666,0.0462198155560698
2026-07-28,-0.22542274603,29,0,-0.1393477394,55,0,1662000.0,1674000.0,1550000.0,1550000.0,8120587.0,19.0499992371,19.5200004578,17.8799991608,18.2099990845,0.0,-0.11469894611472893,-0.08029006021264003,0.07308506729143538,-0.15838134924794628,0.08690789001725666,0.0462198155560698,0.05543852020139901,0.056772480778104074,0.0696594571027676,0.031890814423680365,-0.014084739881739085,-0.22542274603,-0.0583129786893,0.08927381390644663,0.1572691153353271
2026-07-29,-0.147898967592,33,0,-0.0583129786893,57,0,1567000.0,1619000.0,1246000.0,1401000.0,12428883.0,18.2700004578,20.8799991608,17.4500007629,20.6599998474,0.0,-0.06169888140427982,-0.06311053125987207,0.050939642024134264,-0.10106866357628524,0.08927381390644663,0.1572691153353271,0.08690789001725666,0.05543852020139901,0.056772480778104074,-0.15838134924794628,0.07308506729143538,-0.147898967592,-0.0967819538312,0.06980259939106029,0.07533280054279788
2026-07-30,-0.0224008682015,22,0,-0.0967819538312,63,0,1361000.0,1459000.0,1287000.0,1322000.0,9543189.0,19.5599994659,20.0799999237,17.0,17.0900001526,0.0,-0.012380230613702775,-0.02738304572869369,-0.018509466750425398,-0.058040525925375425,0.06980259939106029,0.07533280054279788,0.08927381390644663,0.08690789001725666,0.05543852020139901,-0.10106866357628524,0.050939642024134264,-0.0224008682015,0.0781940949645,0.16448853260672555,0.04801228608789992
2026-07-31,0.115230737693,64,0,0.0781940949645,59,0,1697000.0,1718000.0,1586000.0,1718000.0,10499619.0,16.8199996948,18.7000007629,15.8199996948,15.9899997711,0.0,0.16476408136800524,0.11000864976722044,-0.0214633231957148,0.26201508213256913,0.16448853260672555,0.04801228608789992,0.06980259939106029,0.08927381390644663,0.08690789001725666,-0.058040525925375425,-0.018509466750425398,0.115230737693,-0.0554336846684,0.1669087047659774,0.03109305510172371
2026-08-03,-0.0906503532361,42,0,-0.0554336846684,210,0,1642000.0,1645000.0,1562000.0,1567000.0,5432833.0,16.0300006866,16.2999992371,15.5399999619,15.8599996567,0.0,-0.05260726347135034,0.02414485458808649,-0.04324539885671046,-0.0919978601881798,0.1669087047659774,0.03109305510172371,0.16448853260672555,0.06980259939106029,0.08927381390644663,0.26201508213256913,-0.0214633231957148,-0.0906503532361,0.0139837945112,0.1505655234270144,0.05676081208141539
2026-08-04,-0.0429105962054,41,0,0.0139837945112,66,0,1620000.0,1630000.0,1483000.0,1577000.0,5391210.0,15.7600002289,16.6499996185,15.5100002289,16.5,0.0,0.016090515502474936,0.05715389313625586,0.015599407400833152,0.00636134460701758,0.1505655234270144,0.05676081208141539,0.1669087047659774,0.16448853260672555,0.06980259939106029,-0.0919978601881798,-0.04324539885671046,-0.0429105962054,0.0627552168381,0.13927150206480793,0.019374622268538977
2026-08-05,0.0398183238553,42,0,0.0627552168381,49,0,1693000.0,1701000.0,1647000.0,1668000.0,3945674.0,16.1499996185,18.4300003052,15.4799995422,15.8100004196,0.0,0.03694270852773085,0.023882525461708944,-0.04359345283446978,0.056100995955653786,0.13927150206480793,0.019374622268538977,0.1505655234270144,0.1669087047659774,0.16448853260672555,0.00636134460701758,0.015599407400833152,0.0398183238553,-0.0657738294026,0.14938918241149488,0.04866292201915391
2026-08-06,-0.0757543976337,35,0,-0.0657738294026,42,0,1600000.0,1606000.0,1481000.0,1495000.0,5498295.0,15.8299999237,16.0300006866,15.1099996567,15.1499996185,0.0,-0.04683111283535449,0.002597955572350768,-0.017724584232118406,-0.10949909709390529,0.14938918241149488,0.04866292201915391,0.13927150206480793,0.1505655234270144,0.1669087047659774,0.056100995955653786,-0.04359345283446978,-0.0757543976337,-0.14278335455,0.06891324564209303,0.05417064599472224
2026-08-07,-0.0648771313778,17,0,-0.14278335455,34,0,1521000.0,1542000.0,1409000.0,1422000.0,5002539.0,15.3000001907,15.3599996567,14.7700004578,14.8999996185,0.0,-0.005991184892038676,-0.003573931625797262,-0.020686781165426285,-0.05006187546160065,0.06891324564209303,0.05417064599472224,0.14938918241149488,0.13927150206480793,0.1505655234270144,-0.10949909709390529,-0.017724584232118406,-0.0648771313778,0.0386314193827,0.06274018451467721,0.03749519032533917
2026-08-10,-0.153094233922,31,0,0.0386314193827,177,0,1443000.0,1487000.0,1397000.0,1420000.0,3295283.0,15.3999996185,15.720000267,15.1000003815,15.4600000381,0.0,0.006511983504005105,0.06735827344742956,-0.0832780809346335,-0.0014074597678797173,0.06274018451467721,0.03749519032533917,0.06891324564209303,0.14938918241149488,0.13927150206480793,-0.05006187546160065,-0.020686781165426285,-0.153094233922,-0.0657455487075,0.062456856166457346,0.03483721852009195
2026-08-11,-0.0337150009907,55,0,-0.0657455487075,49,0,1405000.0,1455000.0,1373000.0,1425000.0,3817655.0,15.4200000763,15.6099996567,15.2299995422,15.279999733,0.0,0.007254964329555746,0.003936208222992618,-0.12008618911437781,0.003514942107444592,0.062456856166457346,0.03483721852009195,0.06274018451467721,0.06891324564209303,0.14938918241149488,-0.0014074597678797173,-0.0832780809346335,-0.0337150009907,0.0901837711169,0.06180522778734938,0.043820817799183086
2026-08-12,0.0458140633016,29,0,0.0901837711169,41,0,1456000.0,1549000.0,1440000.0,1504000.0,4566672.0,15.279999733,15.4200000763,14.3900003433,14.5500001907,0.0,0.03613821002000254,0.0012465415914407745,-0.08807313607008745,0.05395641180703423,0.06180522778734938,0.043820817799183086,0.062456856166457346,0.06274018451467721,0.06891324564209303,0.003514942107444592,-0.12008618911437781,0.0458140633016,0.117517243782,0.044527369320302615,0.025144316362447638
2026-08-13,-0.0119533223889,18,0,0.117517243782,43,0,1582000.0,1634000.0,1567000.0,1593000.0,4680347.0,14.6800003052,14.8000001907,14.3900003433,14.6300001144,0.0,0.03499361710375816,0.0028600014844321897,-0.021475413725572053,0.05749080540026343,0.044527369320302615,0.025144316362447638,0.06180522778734938,0.062456856166457346,0.06274018451467721,0.05395641180703423,-0.08807313607008745,-0.0119533223889,0.26240135116,0.02746953633040594,0.025667370376485137
