date,kospi_open,kospi_high,kospi_low,kospi_close,kospi_volume,kosdaq_open,kosdaq_high,kosdaq_low,kosdaq_close,kosdaq_volume,vix_open,vix_high,vix_low,vix_close,vix_volume,vkospi_open,vkospi_high,vkospi_low,vkospi_close
2026-05-14,7873.91,7991.04,7842.72,7981.41,849941546,1187.02,1194.03,1162.2,1191.09,993502642,17.86,18.08,17.2,17.26,0,72.02,74.99,70.8,72.91
2026-05-15,7951.75,8046.78,7371.68,7493.18,885626697,1197.23,1197.23,1110.16,1129.82,1093007525,18.07,19.27,17.8,18.43,0,70.55,75.93,67.01,74.71
2026-05-18,7443.29,7636.2,7142.71,7516.04,566617521,1122.57,1122.57,1071.66,1111.09,955326788,19.25,19.44,17.7,17.82,0,76.81,82.23,74.05,74.05
2026-05-19,7425.66,7446.57,7141.91,7271.66,533508766,1111.36,1122.85,1063.28,1084.36,1103760877,18.01,18.36,17.66,18.06,0,74.76,76.01,72.5,72.51
2026-05-20,7324.52,7324.52,7053.84,7208.95,492494076,1081.04,1081.04,1038.23,1056.07,1227090732,18.17,18.18,17.13,17.44,0,71.44,72.95,71.37,71.37
2026-05-21,7486.37,7819.23,7486.37,7815.59,621081744,1085.3,1115.66,1085.3,1105.97,926095732,17.58,17.87,16.6,16.76,0,70.64,72.99,68.7,71.33
2026-05-22,7873.12,7886.64,7780.13,7847.71,435533126,1119.43,1165.8,1119.43,1161.13,1027933453,16.83,17.39,16.46,16.7,0,66.86,67.38,66.25,66.97
2026-05-25,,,,,,,,,,,16.81,16.87,16.53,16.59,0,,,,
2026-05-26,8070.91,8131.15,8008.19,8047.51,519551123,1189.28,1205.12,1170.41,1172.52,1186405647,16.92,17.23,16.56,17.01,0,69.82,70.29,68.08,68.09
2026-05-27,8242.12,8457.09,8220.04,8228.7,619450559,1173.8,1173.8,1128.75,1133.13,1228978591,17.01,17.18,16.29,16.29,0,67.75,74.06,67.75,70.78
2026-05-28,8165.73,8253.6,7841.01,8185.29,668950905,1135.84,1136.13,1066.79,1104.36,977729431,16.76,16.85,15.61,15.74,0,70.84,72.29,69.96,71.6
2026-05-29,8384.31,8476.15,8273.74,8476.15,735126775,1112.15,1112.15,1058.13,1074.8,855810608,15.81,15.88,15.22,15.32,0,71.96,75.27,71.95,74.26
2026-06-01,8485.67,8874.16,8485.67,8788.38,636175294,1072.77,1082.75,1043.91,1050.03,835031542,15.88,16.34,15.71,16.05,0,72.27,75.14,72.27,74.22
2026-06-02,8883.19,8933.62,8503.12,8801.49,632553467,1044.89,1045.77,1009.75,1026.03,774800387,16.28,16.29,15.71,15.77,0,75.37,75.42,71.65,73.6
2026-06-03,,,,,,,,,,,15.97,16.63,15.94,16.06,0,,,,
2026-06-04,8623.82,8759.05,8577.3,8639.41,437895857,1032.91,1065.9,1032.29,1049.73,622959928,16.33,16.8,15.18,15.4,0,73.88,74.27,73.14,73.44
2026-06-05,8323.2,8382.16,8038.1,8160.59,463197407,1035.22,1035.22,992.8,1002.44,724352334,15.87,21.57,15.56,21.51,0,73.87,73.9,72.05,73.44
2026-06-08,8048.09,8048.09,7442.73,7484.41,452204169,959.61,959.61,908.46,911.39,624350804,20.29,20.35,17.94,18.92,0,76.09,76.63,74.77,76.63
2026-06-09,7697.76,8119.09,7598.87,8096.93,448536749,937.69,981.24,937.04,967.81,620285982,18.19,23.34,17.52,19.87,0,86.55,91.23,85.56,91.23
2026-06-10,7899.77,7996.68,7541.11,7730.82,460876834,958.58,983.25,932.27,951.63,614592037,20.1,22.66,20.06,22.22,0,87.39,89.17,86.04,88.35
2026-06-11,7509.62,7800.62,7394.46,7763.95,478729575,937.17,997.11,921.08,996.93,635319025,21.25,22.59,19.36,19.44,0,88.09,89.47,87.29,87.3
2026-06-12,8263.85,8434.4,8079.77,8123.62,493405620,1027.05,1049.7,1021.49,1029.05,644914560,19.51,19.85,17.59,17.68,0,85.31,91.94,84.86,89.91
2026-06-15,8526.12,8603.48,8450.24,8545.98,516647764,1048.19,1054.32,1025.42,1034.03,561328600,16.78,16.85,15.98,16.2,0,88.32,94.25,87.15,87.85
2026-06-16,8696.55,8753.82,8540.41,8726.6,586336867,1039,1040.86,1015.73,1018.68,621165407,16.2,16.44,15.77,16.41,0,87.34,88.25,84.21,84.29
2026-06-17,8622.13,8872.18,8605.66,8864.24,571194217,1019.88,1039.55,1008.57,1031.96,570785870,16.08,18.84,16.02,18.44,0,81.29,81.34,79.4,79.65
2026-06-18,8884.92,9106.07,8867.34,9063.84,510940125,1029.81,1031.54,996.93,1000.93,611802920,17.23,17.6,16.35,16.4,0,77.32,82.7,77.06,80.25
2026-06-19,9288.89,9385.59,8831.72,9052.42,517247568,1001.4,1001.4,946.15,966.59,882518817,,,,,,81.6,84.87,79.51,83.57
2026-06-22,8954.43,9253,8900.68,9114.55,381081263,957.49,979.58,944.31,968.4,631818653,17.48,17.92,16.49,17.28,0,87.36,90.6,86.58,87.36
2026-06-23,9083.54,9175.45,8203.84,8203.84,488741799,958.64,971.69,891.52,891.52,797431660,19.67,20.54,18.61,19.49,0,87.99,89.69,85.9,89.41
2026-06-24,8356.79,8577.52,8080.99,8471.02,418169043,905.13,922.12,886.17,909.31,643383300,19.13,20.34,18.04,18.63,0,95.32,97.78,94.19,94.81
2026-06-25,8703.42,9044.04,8693.62,8930.3,456880223,923.66,930.81,884.05,887.81,639124598,18.11,19.95,17.72,18.89,0,96.47,96.47,93.49,95.09
2026-06-26,8813.18,8861.7,8126.84,8411.21,518472966,884.43,887.43,838.53,851.37,728780416,19.7,20.72,18.2,18.41,0,92.06,94.04,89.59,92.71
2026-06-29,8334.28,8525.53,8127.99,8394.65,371222766,860.4,923.11,859.33,920.57,576404248,18.6,19.45,17.49,17.65,0,97.99,97.99,96.58,96.94
2026-06-30,8416.7,8667.73,8220.8,8476.48,449823583,925.21,935.27,910.3,916.18,661150809,17.54,17.75,16.27,16.45,0,95.48,95.64,93.78,93.8
2026-07-01,8591.5,8620.15,8143.33,8303.41,468193407,924.09,955.45,905.87,929.35,601211887,17.11,17.3,15.97,16.59,0,89.9,90.26,87.72,88.67
2026-07-02,7933.1,8136.28,7616.33,7648.09,505157279,904.53,904.53,863.74,866.72,560643849,17.05,17.21,15.79,16.15,0,86.37,87.37,83.97,86.41
2026-07-03,7739.75,8136.28,7378.1,8088.34,465820788,875.18,875.39,823.98,868.41,601113167,,,,,,89.11,90.96,87.63,89.29
2026-07-06,8186.82,8327.26,7815.53,8051.33,448691380,866.4,872.12,825.73,847.07,535134704,16.4,16.5,15.56,15.57,0,87.83,88.38,85.85,86.86
2026-07-07,7919.2,7954.55,7389.22,7656.31,516365835,843.74,866.59,812.7,831.23,543545333,15.87,16.64,15.53,16.13,0,85.78,86.27,84.5,85.69
2026-07-08,7452.48,7791.66,7186.21,7246.79,501070972,816.39,823.33,778.7,785,571917889,16.55,18.91,16.35,16.9,0,86.36,88.28,85.78,87.9
2026-07-09,7486.64,7543.86,7063.76,7291.91,582790735,792.99,819.69,778.17,794,442788844,16.58,17.27,15.76,15.84,0,89.64,89.64,85.31,85.48
2026-07-10,7552.49,7704.93,7429.51,7475.94,453242080,807,845.88,800.39,837.43,490953832,16.06,16.16,14.96,15.03,0,82.03,83.2,78.14,78.15
2026-07-13,7412.03,7529.07,6783.43,6806.93,474084812,839.72,867.38,797.34,799.36,523405341,16.32,17.41,16.03,17.16,0,77.66,83.35,75.88,83.33
2026-07-14,6769.06,6979.92,6448.86,6856.83,491599254,797.16,802.53,749.76,783.98,551552811,17.21,17.56,16.15,16.5,0,82.48,87.99,81.79,83.97
2026-07-15,7082.91,7424.18,7082.91,7284.41,397853705,805.71,831.68,805.59,829.43,497383070,16.2,16.57,15.64,15.67,0,86,88.31,83.69,85.79
2026-07-16,6960.5,6995.93,6730.87,6820.6,424279830,813.32,816.47,786.59,791.84,525847414,15.82,17.23,15.77,16.73,0,85.15,89.75,85.15,87.14
2026-07-17,,,,,,,,,,,18.01,19.5,17.68,18.77,0,,,,
2026-07-20,6643.58,6814.86,6472.8,6516.27,345824614,773.21,783.74,747,749.64,528417845,18.9,18.94,17.41,18.65,0,88.47,88.54,86.86,86.87
2026-07-21,6553.88,6836.86,6429.03,6747.95,391091597,750.07,758.36,730.81,753.34,498845706,17.48,17.99,16.86,17.05,0,87.07,87.07,84.73,84.89
2026-07-22,7052.09,7166,6791.06,6797.7,373810110,772.41,789.23,751.09,751.09,501117725,17.42,19.49,16.64,16.64,0,81.78,83.29,81.78,82.79
2026-07-23,6963.35,7108.44,6892.64,7096.89,397345768,763.51,790.28,760.83,790.28,498621523,17.67,20.31,17.32,18.7,0,81.56,81.62,80.2,80.46
2026-07-24,7000.78,7000.78,6650.41,6690.62,397654875,777.5,777.5,746.5,748.22,500190139,18.96,19.05,17.41,18.58,0,77.38,80.01,77.31,78.65
2026-07-27,6806.27,6806.27,6557.39,6755.75,275717624,760.54,780.39,753.73,764.86,414859181,17.62,19.93,17.53,18.67,0,78.2,78.37,77.53,77.55
2026-07-28,6400.27,6413.57,5992.91,6023.66,331260982,742.13,742.13,697.45,705.85,506775387,19.05,19.52,17.88,18.21,0,77.01,83.65,76.96,83.43
2026-07-29,6089.11,6228.52,5262.77,5663.24,457384769,713.71,719.39,630.99,662.68,638221461,18.27,20.88,17.45,20.66,0,81.45,93.27,80.19,87.79
2026-07-30,5681.77,5976.82,5547.41,5593.56,378859389,654.72,677.19,642.95,644.78,456434168,19.56,20.08,17,17.09,0,87.17,87.17,85.49,86.18
2026-07-31,5657.79,6630.77,5629.76,6595.45,434445151,666.47,723.56,663.25,719.76,445905868,16.82,18.7,15.82,15.99,0,83.43,86.59,82.68,84.35
2026-08-03,6358.27,6393,6223.29,6257.45,272959301,709.99,757.6,705.07,737.35,431221416,16.03,16.3,15.54,15.86,0,80.46,81.05,80.36,80.78
2026-08-04,6351.38,6389.4,6080.25,6358.95,312996910,748.19,780.85,748.19,780.72,477608469,15.76,16.65,15.51,16.5,0,82.63,82.63,81.88,82.05
2026-08-05,6603.48,6674.66,6540.27,6598.26,338499583,794.93,803.49,783.32,799.59,587546129,16.15,18.43,15.48,15.81,0,78.75,79.03,78.51,78.55
2026-08-06,6478.75,6550.94,6238.32,6296.38,284501018,797.44,813.54,779.08,801.67,554381603,15.83,16.03,15.11,15.15,0,76.96,77.3,76.67,77.17
2026-08-07,6365.07,6415.6,6158.73,6258.77,299376519,807.62,814.8,776.6,798.81,509893900,15.3,15.36,14.77,14.9,0,76.48,76.48,75.58,75.59
2026-08-10,6306.33,6394.06,6232.45,6299.66,293734195,807.66,855.38,807.66,854.47,551909757,15.4,15.72,15.1,15.46,0,71.12,71.12,69.53,69.55
2026-08-11,6240.06,6405.81,6213.78,6345.53,333481429,848.59,875.16,840.45,857.84,533125745,15.42,15.61,15.23,15.28,0,64.96,64.97,61.67,61.68
2026-08-12,6438.5,6668.43,6413.5,6579.04,360651215,854.85,860.76,839.86,858.91,561958296,15.28,15.42,14.39,14.55,0,57.35,57.36,55.3,56.48
2026-08-13,6773.92,6895.63,6748.13,6813.34,418947285,863.15,870.96,853.09,861.37,685613456,14.68,14.8,14.39,14.63,0,54.56,55.82,54.53,55.28
2026-08-14,6995.67,7010.86,6848.43,6977.94,332941644,868.07,879.29,845.41,864.65,698635075,14.64,14.72,14.18,14.25,0,55.38,56.27,55,55.31
